row_id,pred_total_volume_m3,pred_chilled_volume_m3
W0000,1037.3565799580306,381.87021140809463
W0001,135.40720204013076,0.0
W0002,44.10422030527675,0.0
W0003,548.7690173984464,193.8592017109445
W0004,88.4485670653486,0.0
W0005,31.56847947460206,0.0
W0006,1093.0286012095257,410.20859956861165
W0007,189.79540715588084,0.0
W0008,60.15611547121712,0.0
W0009,756.4449317865373,234.2248455433426
W0010,144.4169258587193,0.0
W0011,51.64788537898467,0.0
W0012,729.3719630129414,303.48867101902607
W0013,116.42091238131187,0.0
W0014,19.045416674201125,0.0
W0015,714.8308844309247,192.54212107982815
W0016,111.47380629504043,0.0
W0017,17.351793753872368,0.0
W0018,936.5248519901737,349.95007679512184
W0019,136.88734635248414,0.0
W0020,37.77475695176376,0.0
W0021,825.0014903119229,229.37367824867266
W0022,134.792078435152,0.0
W0023,56.193160500861815,0.0
W0024,998.317481933559,357.0791615429414
W0025,142.80828059583015,0.0
W0026,24.788469492946373,0.0
W0027,931.3036267776978,242.77261316956995
W0028,142.73308586074413,0.0
W0029,5.172766506573226,0.0
W0030,949.5069968014574,325.48362299732145
W0031,129.67872966527716,0.0
W0032,26.500053259498227,0.0
W0033,789.6054987843028,230.37632150016606
W0034,120.7591507381375,0.0
W0035,23.787612457428356,0.0
W0036,935.1954522539894,327.21961899571306
W0037,137.33404741503267,0.0
W0038,24.494778210663604,0.0
W0039,795.0892035959251,217.9146165564455
W0040,128.2268981747371,0.0
W0041,23.763091495710587,0.0
W0042,962.531409294473,332.88563284020296
W0043,142.45550895472502,0.0
W0044,24.6339981180269,0.0
W0045,779.9891417546813,217.81135708378284
W0046,136.57771081368273,0.0
W0047,23.596211269593248,0.0
W0048,1025.2086469907094,346.5705986059047
W0049,182.28437365893222,0.0
W0050,35.02768055712755,0.0
W0051,1013.2501360806608,269.5280260886864
W0052,178.5588930733,0.0
W0053,34.34620945312058,0.0
W0054,930.0780570468451,313.7620846691425
W0055,134.00876438763942,0.0
W0056,32.198296940427895,0.0
W0057,822.3105610373794,238.91419779970468
W0058,127.44010161691291,0.0
W0059,22.557383842234163,0.0
